name,attack,special_attack,speed,defense,special_defense,health
Bulbasaur,49,65,45,49,65,45
Ivysaur,62,80,60,63,80,60
Venusaur,100,122,80,123,120,80
Charmander,52,60,65,43,50,39
Charmeleon,64,80,80,58,65,58
Charizard,104,159,100,78,115,78
Squirtle,48,50,43,65,64,44
Wartortle,63,65,58,80,80,59
Blastoise,103,135,78,120,115,79
Caterpie,30,20,45,35,20,45
Metapod,20,25,30,55,25,50
Butterfree,45,90,70,50,80,60
Weedle,35,20,50,30,20,40
Kakuna,25,25,35,50,25,45
Beedrill,150,15,145,40,80,65
Pidgey,45,35,56,40,35,40
Pidgeotto,60,50,71,55,50,63
Pidgeot,80,135,121,80,80,83
Rattata,56,25,72,35,35,30
Raticate,71,40,77,70,80,75
Spearow,60,31,70,30,31,40
Fearow,90,61,100,65,61,65
Ekans,60,40,55,44,54,35
Arbok,95,65,80,69,79,60
Pikachu,55,50,90,40,50,35
Raichu,85,95,110,50,85,60
Sandshrew,75,10,40,90,35,50
Sandslash,100,25,65,120,65,75
Nidoran♀,47,40,41,52,40,55
Nidorina,62,55,56,67,55,70
Nidoqueen,92,75,76,87,85,90
Nidoran♂,57,40,50,40,40,46
Nidorino,72,55,65,57,55,61
Nidoking,102,85,85,77,75,81
Clefairy,45,60,35,48,65,70
Clefable,70,95,60,73,90,95
Vulpix,41,50,65,40,65,38
Ninetales,67,81,109,75,100,73
Jigglypuff,45,45,20,20,25,115
Wigglytuff,70,85,45,45,50,140
Zubat,45,30,55,35,40,40
Golbat,80,65,90,70,75,75
Oddish,50,75,30,55,65,45
Gloom,65,85,40,70,75,60
Vileplume,80,110,50,85,90,75
Paras,70,45,25,55,55,35
Parasect,95,60,30,80,80,60
Venonat,55,40,45,50,55,60
Venomoth,65,90,90,60,75,70
Diglett,55,35,90,30,45,10
Dugtrio,100,50,110,60,70,35
Meowth,35,50,90,35,40,40
Persian,60,75,115,60,65,65
Psyduck,52,65,55,48,50,50
Golduck,82,95,85,78,80,80
Mankey,80,35,70,35,45,40
Primeape,105,60,95,60,70,65
Growlithe,70,70,60,45,50,55
Arcanine,110,100,95,80,80,90
Poliwag,50,40,90,40,40,40
Poliwhirl,65,50,90,65,50,65
Poliwrath,95,70,70,95,90,90
Abra,20,105,90,15,55,25
Kadabra,35,120,105,30,70,40
Alakazam,50,175,150,65,105,55
Machop,80,35,35,50,35,70
Machoke,100,50,45,70,60,80
Machamp,130,65,55,80,85,90
Bellsprout,75,70,40,35,30,50
Weepinbell,90,85,55,50,45,65
Victreebel,105,100,70,65,70,80
Tentacool,40,50,70,35,100,40
Tentacruel,70,80,100,65,120,80
Geodude,80,30,20,100,30,40
Graveler,95,45,35,115,45,55
Golem,120,55,45,130,65,80
Ponyta,85,65,90,55,65,50
Rapidash,100,80,105,70,80,65
Slowpoke,65,40,15,65,40,90
Slowbro,75,130,30,180,80,95
Magnemite,35,95,45,70,55,25
Magneton,60,120,70,95,70,50
Farfetch'd,90,58,60,55,62,52
Doduo,85,35,75,45,35,35
Dodrio,110,60,110,70,60,60
Seel,45,45,45,55,70,65
Dewgong,70,70,70,80,95,90
Grimer,80,40,25,50,50,80
Muk,105,65,50,75,100,105
Shellder,65,45,40,100,25,30
Cloyster,95,85,70,180,45,50
Gastly,35,100,80,30,35,30
Haunter,50,115,95,45,55,45
Gengar,65,170,130,80,95,60
Onix,45,30,70,160,45,35
Drowzee,48,43,42,45,90,60
Hypno,73,73,67,70,115,85
Krabby,105,25,50,90,25,30
Kingler,130,50,75,115,50,55
Voltorb,30,55,100,50,55,40
Electrode,50,80,150,70,80,60
Exeggcute,40,60,40,80,45,60
Exeggutor,105,125,45,85,75,95
Cubone,50,40,35,95,50,50
Marowak,80,50,45,110,80,60
Hitmonlee,120,35,87,53,110,50
Hitmonchan,105,35,76,79,110,50
Lickitung,55,60,30,75,75,90
Koffing,65,60,35,95,45,40
Weezing,90,85,60,120,70,65
Rhyhorn,85,30,25,95,30,80
Rhydon,130,45,40,120,45,105
Chansey,5,35,50,5,105,250
Tangela,55,100,60,115,40,65
Kangaskhan,125,60,100,100,100,105
Horsea,40,70,60,70,25,30
Seadra,65,95,85,95,45,55
Goldeen,67,35,63,60,50,45
Seaking,92,65,68,65,80,80
Staryu,45,70,85,55,55,30
Starmie,75,100,115,85,85,60
Mr. Mime,45,100,90,65,120,40
Scyther,110,55,105,80,80,70
Jynx,50,115,95,35,95,65
Electabuzz,83,95,105,57,85,65
Magmar,95,100,93,57,85,65
Pinsir,155,65,105,120,90,65
Tauros,100,40,110,95,70,75
Magikarp,10,15,80,55,20,20
Gyarados,155,70,81,109,130,95
Lapras,85,85,60,80,95,130
Ditto,48,48,48,48,48,48
Eevee,55,45,55,50,65,55
Vaporeon,65,110,65,60,95,130
Jolteon,65,110,130,60,95,65
Flareon,130,95,65,60,110,65
Porygon,60,85,40,70,75,65
Omanyte,40,90,35,100,55,35
Omastar,60,115,55,125,70,70
Kabuto,80,55,55,90,45,30
Kabutops,115,65,80,105,70,60
Aerodactyl,135,70,150,85,95,80
Snorlax,110,65,30,65,110,160
Articuno,85,95,85,100,125,90
Zapdos,90,125,100,85,90,90
Moltres,100,125,90,90,85,90
Dratini,64,50,50,45,50,41
Dragonair,84,70,70,65,70,61
Dragonite,134,100,80,95,100,91
Mewtwo,150,194,140,70,120,106
Mew,100,100,100,100,100,100
Chikorita,49,49,45,65,65,45
Bayleef,62,63,60,80,80,60
Meganium,82,83,80,100,100,80
Cyndaquil,52,60,65,43,50,39
Quilava,64,80,80,58,65,58
Typhlosion,84,109,100,78,85,78
Totodile,65,44,43,64,48,50
Croconaw,80,59,58,80,63,65
Feraligatr,105,79,78,100,83,85
Sentret,46,35,20,34,45,35
Furret,76,45,90,64,55,85
Hoothoot,30,36,50,30,56,60
Noctowl,50,86,70,50,96,100
Ledyba,20,40,55,30,80,40
Ledian,35,55,85,50,110,55
Spinarak,60,40,30,40,40,40
Ariados,90,60,40,70,70,70
Crobat,90,70,130,80,80,85
Chinchou,38,56,67,38,56,75
Lanturn,58,76,67,58,76,125
Pichu,40,35,60,15,35,20
Cleffa,25,45,15,28,55,50
Igglybuff,30,40,15,15,20,90
Togepi,20,40,20,65,65,35
Togetic,40,80,40,85,105,55
Natu,50,70,70,45,45,40
Xatu,75,95,95,70,70,65
Mareep,40,65,35,40,45,55
Flaaffy,55,80,45,55,60,70
Ampharos,95,165,45,105,110,90
Bellossom,80,90,50,95,100,75
Marill,20,20,40,50,50,70
Azumarill,50,60,50,80,80,100
Sudowoodo,100,30,30,115,65,70
Politoed,75,90,70,75,100,90
Hoppip,35,35,50,40,55,35
Skiploom,45,45,80,50,65,55
Jumpluff,55,55,110,70,95,75
Aipom,70,40,85,55,55,55
Sunkern,30,30,30,30,30,30
Sunflora,75,105,30,55,85,75
Yanma,65,75,95,45,45,65
Wooper,45,25,15,45,25,55
Quagsire,85,65,35,85,65,95
Espeon,65,130,110,60,95,65
Umbreon,65,60,65,110,130,95
Murkrow,85,85,91,42,42,60
Slowking,75,100,30,80,110,95
Misdreavus,60,85,85,60,85,60
Unown,72,72,48,48,48,48
Wobbuffet,33,33,33,58,58,190
Girafarig,80,90,85,65,65,70
Pineco,65,35,15,90,35,50
Forretress,90,60,40,140,60,75
Dunsparce,70,65,45,70,65,100
Gligar,75,35,85,105,65,65
Steelix,125,55,30,230,95,75
Snubbull,80,40,30,50,40,60
Granbull,120,60,45,75,60,90
Qwilfish,95,55,85,85,55,65
Scizor,150,65,75,140,100,70
Shuckle,10,10,5,230,230,20
Heracross,185,40,75,115,105,80
Sneasel,95,35,115,55,75,55
Teddiursa,80,50,40,50,50,60
Ursaring,130,75,55,75,75,90
Slugma,40,70,20,40,40,40
Magcargo,50,90,30,120,80,60
Swinub,50,30,50,40,30,50
Piloswine,100,60,50,80,60,100
Corsola,55,65,35,95,95,65
Remoraid,65,65,65,35,35,35
Octillery,105,105,45,75,75,75
Delibird,55,65,75,45,45,45
Mantine,40,80,70,70,140,85
Skarmory,80,40,70,140,70,65
Houndour,60,80,65,30,50,45
Houndoom,90,140,115,90,90,75
Kingdra,95,95,85,95,95,75
Phanpy,60,40,40,60,40,90
Donphan,120,60,50,120,60,90
Porygon2,80,105,60,90,95,85
Stantler,95,85,85,62,65,73
Smeargle,20,20,75,35,45,55
Tyrogue,35,35,35,35,35,35
Hitmontop,95,35,70,95,110,50
Smoochum,30,85,65,15,65,45
Elekid,63,65,95,37,55,45
Magby,75,70,83,37,55,45
Miltank,80,40,100,105,70,95
Blissey,10,75,55,10,135,255
Raikou,85,115,115,75,100,90
Entei,115,90,100,85,75,115
Suicune,75,90,85,115,115,100
Larvitar,64,45,41,50,50,50
Pupitar,84,65,51,70,70,70
Tyranitar,164,95,71,150,120,100
Lugia,90,90,110,130,154,106
Ho-Oh,130,110,90,90,154,106
Celebi,100,100,100,100,100,100
Treecko,45,65,70,35,55,40
Grovyle,65,85,95,45,65,50
Sceptile,110,145,145,75,85,70
Torchic,60,70,45,40,50,45
Combusken,85,85,55,60,60,60
Blaziken,160,130,100,80,80,80
Mudkip,70,50,40,50,50,50
Marshtomp,85,60,50,70,70,70
Swampert,150,95,70,110,110,100
Poochyena,55,30,35,35,30,35
Mightyena,90,60,70,70,60,70
Zigzagoon,30,30,60,41,41,38
Linoone,70,50,100,61,61,78
Wurmple,45,20,20,35,30,45
Silcoon,35,25,15,55,25,50
Beautifly,70,100,65,50,50,60
Cascoon,35,25,15,55,25,50
Dustox,50,50,65,70,90,60
Lotad,30,40,30,30,50,40
Lombre,50,60,50,50,70,60
Ludicolo,70,90,70,70,100,80
Seedot,40,30,30,50,30,40
Nuzleaf,70,60,60,40,40,70
Shiftry,100,90,80,60,60,90
Taillow,55,30,85,30,30,40
Swellow,85,75,125,60,50,60
Wingull,30,55,85,30,30,40
Pelipper,50,95,65,100,70,60
Ralts,25,45,40,25,35,28
Kirlia,35,65,50,35,55,38
Gardevoir,85,165,100,65,135,68
Surskit,30,50,65,32,52,40
Masquerain,60,100,80,62,82,70
Shroomish,40,40,35,60,60,60
Breloom,130,60,70,80,60,60
Slakoth,60,35,30,60,35,60
Vigoroth,80,55,90,80,55,80
Slaking,160,95,100,100,65,150
Nincada,45,30,40,90,30,31
Ninjask,90,50,160,45,50,61
Shedinja,90,30,40,45,30,1
Whismur,51,51,28,23,23,64
Loudred,71,71,48,43,43,84
Exploud,91,91,68,63,73,104
Makuhita,60,20,25,30,30,72
Hariyama,120,40,50,60,60,144
Azurill,20,20,20,40,40,50
Nosepass,45,45,30,135,90,30
Skitty,45,35,50,45,35,50
Delcatty,65,55,90,65,55,70
Sableye,85,85,20,125,115,50
Mawile,105,55,50,125,95,50
Aron,70,40,30,100,40,50
Lairon,90,50,40,140,50,60
Aggron,140,60,50,230,80,70
Meditite,40,40,60,55,55,30
Medicham,100,80,100,85,85,60
Electrike,45,65,65,40,40,40
Manectric,75,135,135,80,80,70
Plusle,50,85,95,40,75,60
Minun,40,75,95,50,85,60
Volbeat,73,47,85,75,85,65
Illumise,47,73,85,75,85,65
Roselia,60,100,65,45,80,50
Gulpin,43,43,40,53,53,70
Swalot,73,73,55,83,83,100
Carvanha,90,65,65,20,20,45
Sharpedo,140,110,105,70,65,70
Wailmer,70,70,60,35,35,130
Wailord,90,90,60,45,45,170
Numel,60,65,35,40,45,60
Camerupt,120,145,20,100,105,70
Torkoal,85,85,20,140,70,70
Spoink,25,70,60,35,80,60
Grumpig,45,90,80,65,110,80
Spinda,60,60,60,60,60,60
Trapinch,100,45,10,45,45,45
Vibrava,70,50,70,50,50,50
Flygon,100,80,100,80,80,80
Cacnea,85,85,35,40,40,50
Cacturne,115,115,55,60,60,70
Swablu,40,40,50,60,75,45
Altaria,110,110,80,110,105,75
Zangoose,115,60,90,60,60,73
Seviper,100,100,65,60,60,73
Lunatone,55,95,70,65,85,90
Solrock,95,55,70,85,65,90
Barboach,48,46,60,43,41,50
Whiscash,78,76,60,73,71,110
Corphish,80,50,35,65,35,43
Crawdaunt,120,90,55,85,55,63
Baltoy,40,40,55,55,70,40
Claydol,70,70,75,105,120,60
Lileep,41,61,23,77,87,66
Cradily,81,81,43,97,107,86
Anorith,95,40,75,50,50,45
Armaldo,125,70,45,100,80,75
Feebas,15,10,80,20,55,20
Milotic,60,100,81,79,125,95
Castform,70,70,70,70,70,70
Kecleon,90,60,40,70,120,60
Shuppet,75,63,45,35,33,44
Banette,165,93,75,75,83,64
Duskull,40,30,25,90,90,20
Dusclops,70,60,25,130,130,40
Tropius,68,72,51,83,87,99
Chimecho,50,95,65,80,90,75
Absol,150,115,115,60,60,65
Wynaut,23,23,23,48,48,95
Snorunt,50,50,50,50,50,50
Glalie,120,120,100,80,80,80
Spheal,40,55,25,50,50,70
Sealeo,60,75,45,70,70,90
Walrein,80,95,65,90,90,110
Clamperl,64,74,32,85,55,35
Huntail,104,94,52,105,75,55
Gorebyss,84,114,52,105,75,55
Relicanth,90,45,55,130,65,100
Luvdisc,30,40,97,55,65,43
Bagon,75,40,50,60,30,45
Shelgon,95,60,50,100,50,65
Salamence,145,120,120,130,90,95
Beldum,55,35,30,80,60,40
Metang,75,55,50,100,80,60
Metagross,145,105,110,150,110,80
Regirock,100,50,50,200,100,80
Regice,50,100,50,100,200,80
Registeel,75,75,50,150,150,80
Latias,100,140,110,120,150,80
Latios,130,160,110,100,120,80
Kyogre,150,180,90,90,160,100
Groudon,180,150,90,160,90,100
Rayquaza,180,180,115,100,100,105
Jirachi,100,100,100,100,100,100
Deoxys,95,95,180,90,90,50
Turtwig,68,45,31,64,55,55
Grotle,89,55,36,85,65,75
Torterra,109,75,56,105,85,95
Chimchar,58,58,61,44,44,44
Monferno,78,78,81,52,52,64
Infernape,104,104,108,71,71,76
Piplup,51,61,40,53,56,53
Prinplup,66,81,50,68,76,64
Empoleon,86,111,60,88,101,84
Starly,55,30,60,30,30,40
Staravia,75,40,80,50,40,55
Staraptor,120,50,100,70,60,85
Bidoof,45,35,31,40,40,59
Bibarel,85,55,71,60,60,79
Kricketot,25,25,25,41,41,37
Kricketune,85,55,65,51,51,77
Shinx,65,40,45,34,34,45
Luxio,85,60,60,49,49,60
Luxray,120,95,70,79,79,80
Budew,30,50,55,35,70,40
Roserade,70,125,90,65,105,60
Cranidos,125,30,58,40,30,67
Rampardos,165,65,58,60,50,97
Shieldon,42,42,30,118,88,30
Bastiodon,52,47,30,168,138,60
Burmy,29,29,36,45,45,40
Wormadam,69,69,36,95,95,60
Mothim,94,94,66,50,50,70
Combee,30,30,70,42,42,30
Vespiquen,80,80,40,102,102,70
Pachirisu,45,45,95,70,90,60
Buizel,65,60,85,35,30,55
Floatzel,105,85,115,55,50,85
Cherubi,35,62,35,45,53,45
Cherrim,60,87,85,70,78,70
Shellos,48,57,34,48,62,76
Gastrodon,83,92,39,68,82,111
Ambipom,100,60,115,66,66,75
Drifloon,50,60,70,34,44,90
Drifblim,80,90,80,44,54,150
Buneary,66,44,85,44,56,55
Lopunny,136,54,135,94,96,65
Mismagius,60,105,105,60,105,60
Honchkrow,125,105,71,52,52,100
Glameow,55,42,85,42,37,49
Purugly,82,64,112,64,59,71
Chingling,30,65,45,50,50,45
Stunky,63,41,74,47,41,63
Skuntank,93,71,84,67,61,103
Bronzor,24,24,23,86,86,57
Bronzong,89,79,33,116,116,67
Bonsly,80,10,10,95,45,50
Mime Jr.,25,70,60,45,90,20
Happiny,5,15,30,5,65,100
Chatot,65,92,91,45,42,76
Spiritomb,92,92,35,108,108,50
Gible,70,40,42,45,45,58
Gabite,90,50,82,65,55,68
Garchomp,170,120,92,115,95,108
Munchlax,85,40,5,40,85,135
Riolu,70,35,60,40,40,40
Lucario,145,140,112,88,70,70
Hippopotas,72,38,32,78,42,68
Hippowdon,112,68,47,118,72,108
Skorupi,50,30,65,90,55,40
Drapion,90,60,95,110,75,70
Croagunk,61,61,50,40,40,48
Toxicroak,106,86,85,65,65,83
Carnivine,100,90,46,72,72,74
Finneon,49,49,66,56,61,49
Lumineon,69,69,91,76,86,69
Mantyke,20,60,50,50,120,45
Snover,62,62,40,50,60,60
Abomasnow,132,132,30,105,105,90
Weavile,120,45,125,65,85,70
Magnezone,70,130,60,115,90,70
Lickilicky,85,80,50,95,95,110
Rhyperior,140,55,40,130,55,115
Tangrowth,100,110,50,125,50,100
Electivire,123,95,95,67,85,75
Magmortar,95,125,83,67,95,75
Togekiss,50,120,80,95,115,85
Yanmega,76,116,95,86,56,86
Leafeon,110,60,95,130,65,65
Glaceon,60,130,65,110,95,65
Gliscor,95,45,95,125,75,75
Mamoswine,130,70,80,80,60,110
Porygon-Z,80,135,90,70,75,85
Gallade,165,65,110,95,115,68
Probopass,55,75,40,145,150,60
Dusknoir,100,65,45,135,135,45
Froslass,80,80,110,70,70,70
Rotom,65,105,86,107,107,50
Uxie,75,75,95,130,130,75
Mesprit,105,105,80,105,105,80
Azelf,125,125,115,70,70,75
Dialga,120,150,90,120,100,100
Palkia,120,150,100,100,120,90
Heatran,90,130,77,106,106,91
Regigigas,160,80,100,110,110,110
Giratina,120,120,90,100,100,150
Cresselia,70,75,85,120,130,120
Phione,80,80,80,80,80,80
Manaphy,100,100,100,100,100,100
Darkrai,90,135,125,90,90,70
Shaymin,103,120,127,75,75,100
Arceus,120,120,120,120,120,120
Victini,100,100,100,100,100,100
Snivy,45,45,63,55,55,45
Servine,60,60,83,75,75,60
Serperior,75,75,113,95,95,75
Tepig,63,45,45,45,45,65
Pignite,93,70,55,55,55,90
Emboar,123,100,65,65,65,110
Oshawott,55,63,45,45,45,55
Dewott,75,83,60,60,60,75
Samurott,100,108,70,85,70,95
Patrat,55,35,42,39,39,45
Watchog,85,60,77,69,69,60
Lillipup,60,25,55,45,45,45
Herdier,80,35,60,65,65,65
Stoutland,110,45,80,90,90,85
Purrloin,50,50,66,37,37,41
Liepard,88,88,106,50,50,64
Pansage,53,53,64,48,48,50
Simisage,98,98,101,63,63,75
Pansear,53,53,64,48,48,50
Simisear,98,98,101,63,63,75
Panpour,53,53,64,48,48,50
Simipour,98,98,101,63,63,75
Munna,25,67,24,45,55,76
Musharna,55,107,29,85,95,116
Pidove,55,36,43,50,30,50
Tranquill,77,50,65,62,42,62
Unfezant,115,65,93,80,55,80
Blitzle,60,50,76,32,32,45
Zebstrika,100,80,116,63,63,75
Roggenrola,75,25,15,85,25,55
Boldore,105,50,20,105,40,70
Gigalith,135,60,25,130,80,85
Woobat,45,55,72,43,43,65
Swoobat,57,77,114,55,55,67
Drilbur,85,30,68,40,45,60
Excadrill,135,50,88,60,65,110
Audino,60,80,50,126,126,103
Timburr,80,25,35,55,35,75
Gurdurr,105,40,40,85,50,85
Conkeldurr,140,55,45,95,65,105
Tympole,50,50,64,40,40,50
Palpitoad,65,65,69,55,55,75
Seismitoad,95,85,74,75,75,105
Throh,100,30,45,85,85,120
Sawk,125,30,85,75,75,75
Sewaddle,53,40,42,70,60,45
Swadloon,63,50,42,90,80,55
Leavanny,103,70,92,80,80,75
Venipede,45,30,57,59,39,30
Whirlipede,55,40,47,99,79,40
Scolipede,100,55,112,89,69,60
Cottonee,27,37,66,60,50,40
Whimsicott,67,77,116,85,75,60
Petilil,35,70,30,50,50,45
Lilligant,60,110,90,75,75,70
Basculin,92,80,98,65,55,70
Sandile,72,35,65,35,35,50
Krokorok,82,45,74,45,45,60
Krookodile,117,65,92,80,70,95
Darumaka,90,15,50,45,45,70
Darmanitan,30,140,55,105,105,105
Maractus,86,106,60,67,67,75
Dwebble,65,35,55,85,35,50
Crustle,105,65,45,125,75,70
Scraggy,75,35,48,70,70,50
Scrafty,90,45,58,115,115,65
Sigilyph,58,103,97,80,80,72
Yamask,30,55,30,85,65,38
Cofagrigus,50,95,30,145,105,58
Tirtouga,78,53,22,103,45,54
Carracosta,108,83,32,133,65,74
Archen,112,74,70,45,45,55
Archeops,140,112,110,65,65,75
Trubbish,50,40,65,62,62,50
Garbodor,95,60,75,82,82,80
Zorua,65,80,65,40,40,40
Zoroark,105,120,105,60,60,60
Minccino,50,40,75,40,40,55
Cinccino,95,65,115,60,60,75
Gothita,30,55,45,50,65,45
Gothorita,45,75,55,70,85,60
Gothitelle,55,95,65,95,110,70
Solosis,30,105,20,40,50,45
Duosion,40,125,30,50,60,65
Reuniclus,65,125,30,75,85,110
Ducklett,44,44,55,50,50,62
Swanna,87,87,98,63,63,75
Vanillite,50,65,44,50,60,36
Vanillish,65,80,59,65,75,51
Vanilluxe,95,110,79,85,95,71
Deerling,60,40,75,50,50,60
Sawsbuck,100,60,95,70,70,80
Emolga,75,75,103,60,60,55
Karrablast,75,40,60,45,45,50
Escavalier,135,60,20,105,105,70
Foongus,55,55,15,45,55,69
Amoonguss,85,85,30,70,80,114
Frillish,40,65,40,50,85,55
Jellicent,60,85,60,70,105,100
Alomomola,75,40,65,80,45,165
Joltik,47,57,65,50,50,50
Galvantula,77,97,108,60,60,70
Ferroseed,50,24,10,91,86,44
Ferrothorn,94,54,20,131,116,74
Klink,55,45,30,70,60,40
Klang,80,70,50,95,85,60
Klinklang,100,70,90,115,85,60
Tynamo,55,45,60,40,40,35
Eelektrik,85,75,40,70,70,65
Eelektross,115,105,50,80,80,85
Elgyem,55,85,30,55,55,55
Beheeyem,75,125,40,75,95,75
Litwick,30,65,20,55,55,50
Lampent,40,95,55,60,60,60
Chandelure,55,145,80,90,90,60
Axew,87,30,57,60,40,46
Fraxure,117,40,67,70,50,66
Haxorus,147,60,97,90,70,76
Cubchoo,70,60,40,40,40,55
Beartic,130,70,50,80,80,95
Cryogonal,50,95,105,50,135,80
Shelmet,40,40,25,85,65,50
Accelgor,70,100,145,40,60,80
Stunfisk,66,81,32,84,99,109
Mienfoo,85,55,65,50,50,45
Mienshao,125,95,105,60,60,65
Druddigon,120,60,48,90,90,77
Golett,74,35,35,50,50,59
Golurk,124,55,55,80,80,89
Pawniard,85,40,60,70,40,45
Bisharp,125,60,70,100,70,65
Bouffalant,110,40,55,95,95,95
Rufflet,83,37,60,50,50,70
Braviary,123,57,80,75,75,100
Vullaby,55,45,60,75,65,70
Mandibuzz,65,55,80,105,95,110
Heatmor,97,105,65,66,66,85
Durant,109,48,109,112,48,58
Deino,65,45,38,50,50,52
Zweilous,85,65,58,70,70,72
Hydreigon,105,125,98,90,90,92
Larvesta,85,50,60,55,55,55
Volcarona,60,135,100,65,105,85
Cobalion,90,90,108,129,72,91
Terrakion,129,72,108,90,90,91
Virizion,90,90,108,72,129,91
Tornadus,100,110,121,80,90,79
Thundurus,105,145,101,70,80,79
Reshiram,120,150,90,100,120,100
Zekrom,150,120,90,120,100,100
Landorus,145,105,91,90,80,89
Kyurem,120,170,95,90,100,125
Keldeo,72,129,108,90,90,91
Meloetta,128,77,128,90,77,100
Genesect,120,120,99,95,95,71
Chespin,61,48,38,65,45,56
Quilladin,78,56,57,95,58,61
Chesnaught,107,74,64,122,75,88
Fennekin,45,62,60,40,60,40
Braixen,59,90,73,58,70,59
Delphox,69,114,104,72,100,75
Froakie,56,62,71,40,44,41
Frogadier,63,83,97,52,56,54
Greninja,145,153,132,67,71,72
Bunnelby,36,32,57,38,36,38
Diggersby,56,50,78,77,77,85
Fletchling,50,40,62,43,38,45
Fletchinder,73,56,84,55,52,62
Talonflame,81,74,126,71,69,78
Scatterbug,35,27,35,40,25,38
Spewpa,22,27,29,60,30,45
Vivillon,52,90,89,50,50,80
Litleo,50,73,72,58,54,62
Pyroar,68,109,106,72,66,86
Flabébé,38,61,42,39,79,44
Floette,65,125,92,67,128,74
Florges,65,112,75,68,154,78
Skiddo,65,62,52,48,57,66
Gogoat,100,97,68,62,81,123
Pancham,82,46,43,62,48,67
Pangoro,124,69,58,78,71,95
Furfrou,80,65,102,60,90,75
Espurr,48,63,68,54,60,62
Meowstic,48,83,104,76,81,74
Honedge,80,35,28,100,37,45
Doublade,110,45,35,150,49,59
Aegislash,150,150,60,50,50,60
Spritzee,52,63,23,60,65,78
Aromatisse,72,99,29,72,89,101
Swirlix,48,59,49,66,57,62
Slurpuff,80,85,72,86,75,82
Inkay,54,37,45,53,46,53
Malamar,92,68,73,88,75,86
Binacle,52,39,50,67,56,42
Barbaracle,105,54,68,115,86,72
Skrelp,60,60,30,60,60,50
Dragalge,75,97,44,90,123,65
Clauncher,53,58,44,62,63,50
Clawitzer,73,120,59,88,89,71
Helioptile,38,61,70,33,43,44
Heliolisk,55,109,109,52,94,62
Tyrunt,89,45,48,77,45,58
Tyrantrum,121,69,71,119,59,82
Amaura,59,67,46,50,63,77
Aurorus,77,99,58,72,92,123
Sylveon,65,110,60,65,130,95
Hawlucha,92,74,118,75,63,78
Dedenne,58,81,101,57,67,67
Carbink,50,50,50,150,150,50
Goomy,50,55,40,35,75,45
Sliggoo,75,83,60,53,113,68
Goodra,100,110,80,70,150,90
Klefki,80,80,75,91,87,57
Phantump,70,50,38,48,60,43
Trevenant,110,65,56,76,82,85
Pumpkaboo,66,44,41,70,55,59
Gourgeist,100,58,54,122,75,85
Bergmite,69,32,28,85,35,55
Avalugg,117,44,28,184,46,95
Noibat,30,45,55,35,40,40
Noivern,70,97,123,80,80,85
Xerneas,131,131,99,95,98,126
Yveltal,131,131,99,95,98,126
Zygarde,100,91,85,121,95,216
Diancie,160,160,110,110,110,50
Hoopa,160,170,80,60,130,80
Volcanion,110,130,70,120,90,80
Rowlet,55,50,42,55,50,68
Dartrix,75,70,52,75,70,78
Decidueye,107,100,70,75,100,78
Litten,65,60,70,40,40,45
Torracat,85,80,90,50,50,65
Incineroar,115,80,60,90,90,95
Popplio,54,66,40,54,56,50
Brionne,69,91,50,69,81,60
Primarina,74,126,60,74,116,80
Pikipek,75,30,65,30,30,35
Trumbeak,85,40,75,50,50,55
Toucannon,120,75,60,75,75,80
Yungoos,70,30,45,30,30,48
Gumshoos,110,55,45,60,60,88
Grubbin,62,55,46,45,45,47
Charjabug,82,55,36,95,75,57
Vikavolt,70,145,43,90,75,77
Crabrawler,82,42,63,57,47,47
Crabominable,132,62,43,77,67,97
Oricorio,70,98,93,70,70,75
Cutiefly,45,55,84,40,40,40
Ribombee,55,95,124,60,70,60
Rockruff,65,30,60,40,40,45
Lycanroc,115,55,82,75,75,85
Wishiwashi,140,140,30,130,135,45
Mareanie,53,43,45,62,52,50
Toxapex,63,53,35,152,142,50
Mudbray,100,45,45,70,55,70
Mudsdale,125,55,35,100,85,100
Dewpider,40,40,27,52,72,38
Araquanid,70,50,42,92,132,68
Fomantis,55,50,35,35,35,40
Lurantis,105,80,45,90,90,70
Morelull,35,65,15,55,75,40
Shiinotic,45,90,30,80,100,60
Salandit,44,71,77,40,40,48
Salazzle,64,111,117,60,60,68
Stufful,75,45,50,50,50,70
Bewear,125,55,60,80,60,120
Bounsweet,30,30,32,38,38,42
Steenee,40,40,62,48,48,52
Tsareena,120,50,72,98,98,72
Comfey,52,82,100,90,110,51
Oranguru,60,90,60,80,110,90
Passimian,120,40,80,90,60,100
Wimpod,35,20,80,40,30,25
Golisopod,125,60,40,140,90,75
Sandygast,55,70,15,80,45,55
Palossand,75,100,35,110,75,85
Pyukumuku,60,30,5,130,130,55
Type: Null,95,95,59,95,95,95
Silvally,95,95,95,95,95,95
Minior,100,100,120,60,60,60
Komala,115,75,65,65,95,65
Turtonator,78,91,36,135,85,60
Togedemaru,98,40,96,63,73,65
Mimikyu,90,50,96,80,105,55
Bruxish,105,70,92,70,70,68
Drampa,60,135,36,85,91,78
Dhelmise,131,86,40,100,90,70
Jangmo-o,55,45,45,65,45,45
Hakamo-o,75,65,65,90,70,55
Kommo-o,110,100,85,125,105,75
Tapu Koko,115,95,130,85,75,70
Tapu Lele,85,130,95,75,115,70
Tapu Bulu,130,85,75,115,95,70
Tapu Fini,75,95,85,115,130,70
Cosmog,29,29,37,31,31,43
Cosmoem,29,29,37,131,131,43
Solgaleo,137,113,97,107,89,137
Lunala,113,137,97,89,107,137
Nihilego,53,127,103,47,131,109
Buzzwole,139,53,79,139,53,107
Pheromosa,137,137,151,37,37,71
Xurkitree,89,173,83,71,71,83
Celesteela,101,107,61,103,101,97
Kartana,181,59,109,131,31,59
Guzzlord,101,97,43,53,53,223
Necrozma,107,127,79,101,89,97
Magearna,95,130,65,115,115,80
